{"global_step": 24576, "_timestamp": 1744434713.641174, "diagnostics/clip_frac/0": 0.098876953125, "diagnostics/clip_frac/1": 0.30517578125, "diagnostics/clip_frac/2": 0.40185546875, "diagnostics/clip_frac/3": 0.413818359375, "diagnostics/rms_value/mean": -3.588933229446411, "diagnostics/rms_value/var": 12.958897590637207, "diagnostics/exp_var": 0.8147109150886536, "performance/step_inference_rl_update_fps": 1572.805908203125, "performance/step_inference_fps": 1583.30859375, "performance/step_fps": 1602.2442626953125, "performance/rl_update_time": 0.017274856567382812, "performance/step_inference_time": 2.5869877338409424, "performance/step_time": 2.5564141273498535, "losses/a_loss": -0.0078043220564723015, "losses/c_loss": 0.11824759840965271, "losses/entropy": 5.394092082977295, "info/last_lr": 0.004444444552063942, "info/lr_mul": 1.0, "info/e_clip": 0.20000000298023224, "info/kl": 0.020634151995182037, "info/epochs": 7.0, "losses/bounds_loss": 0.00032030214788392186, "rewards/step": -95.56732177734375, "rewards/iter": -95.56732177734375, "_runtime": 26, "_step": 27, "rewards/time": -95.56732177734375, "shaped_rewards/step": -9.556729316711426, "shaped_rewards/iter": -9.556729316711426, "shaped_rewards/time": -9.556729316711426, "episode_lengths/step": 36.834964752197266, "episode_lengths/iter": 36.834964752197266, "episode_lengths/time": 36.834964752197266, "_wandb": {"runtime": 29}}